AMOUSSOU Elsa Shékina ; shekinaa@hotmail.fr
AMRANE Yani
BAH Aboubacar
BANGA Marvin
BARREIROS MARQUES Kevin
BELOUCIF MALIK ; beloucifs@hotmail.fr
BENAMARA Taha
BLEUSE Chloé ; chloe.bleuse@wanadoo.fr
BOUDJENANE NARIMENE
BOULAZAZENE Melissa
BRAHMI Kahina ; kahina.brahmi11@gmail.com
CHEBBI Oussama
CHEN Yu
COBAN Serkan
DAMOU Anna
DIALLO Fatoumata Ousmane
DIALLO MEISSA
DJENADI Sabrina
DONNE Jessie
DOUCOURE Mariama
DRAME Mariam ; mariamdramee@gmail.com
DUVILLE William
EL MOUSSAOUI Younes ; aahysdo@hotmail.fr
ENGUIX Precillia ; enguixprecillia@hotmail.fr
ERDEMIR Eren ; erenerdemir@live.fr
ESSABID Amina
FALLA Nevik ; n.falla112@gmail.com
FARAH Badreddine
FLEPP RAFAEL
GAUTHIER Samy
GODET Maël ; godet.mael.gm@gmail.com
HAMDANE Amine ; amins93g@gmail.com
HARDY Marion ; hardymarion@free.fr
HIMOUS Imane
IDOUFKER Aboubakr
ISIK Umuy ; isik.2044u@gmail.com
JIN Lili
KENTSA MELI Habib Edgar ; edgar.kentsa@gmail.com
KUBICA BRIAC
KUCAM Delphine ; delphinekucam@gmail.com
LAHMADI Salah-Eddine ; lahmadis@yahoo.com
LAICHE Issam ; issam.laiche@orange.fr
LEBBAH Mustapha ; mustapha.lebbah@univ-paris13.fr
MARADEI Clement
MILHA  El Mehdi ; mehdi93.212@live.fr
MINTHE Mayeni
MOTTET Axel
NAEJUS Laurie
NAIT DAOUD Mohamed ; m.naitdaoud@gmail.com
NEHAD Imane ; imanenehad@gmail.com
N'GOAN Auguste ; auguste93800@hotmail.fr
QIAN Xiaotong
RABHI Sohayla
RAHMANI Abdeladim ; abdeladimrahmani@gmail.com
RAJAGANAPATHY Srinivas ; srinivasraja@hotmail.fr
SABABADY Kamala ; kamala.sababady@yahoo.com
SAVADOGO Hamed Kouka ; hamedsalvadogo158@gmail.com
SEKAR Suruthy
SELSANE Manel ; manelselsane@gmail.com
SELVARAJAH Dinusan ; dinusanselvarajah@gmail.com
SRIVASTAVA Shakul-Raman ; shakul.srivastava@hotmail.fr
TOURE Salifou Alhas
VALENTIN Julie
WOUMFO KENFACK Vanelle
